horizon,setup,price,entry,stop,tp1,tp2,risk_pct,rr,score,note,ticker,signal_date,news_negative,news_positive,earnings_risk,signal_id,order,status,fill_date,fill,exit_date,exit_price,r_multiple,ret_pct,bars_held,mfe_r,mae_r,fwd5,fwd5_spy,fwd10,fwd10_spy,fwd20,fwd20_spy,fwd40,fwd40_spy,spy_ret_pct,excess_pct,score_bucket
long,Acumulação longa,36.84,36.84,23.95,72.04,104.69,35.0,2.73,72.57,Queda 88% do máx. · 39 sem. sem novo mínimo · vol up/down 1.51,AMN,2026-10-06,False,False,False,2026-10-06_long_AMN,market,pending,,,,,,,0,,,,,,,,,,,,,top
long,Acumulação longa,84.28,84.28,54.78,371.74,580.1,35.0,9.75,70.81,Queda 99% do máx. · 27 sem. sem novo mínimo · vol up/down 1.63,AGL,2026-10-06,False,False,False,2026-10-06_long_AGL,market,pending,,,,,,,0,,,,,,,,,,,,,top
long,Acumulação longa,70.89,70.89,46.08,175.88,251.31,35.0,4.23,67.66,Queda 86% do máx. · 33 sem. sem novo mínimo · vol up/down 1.48,ETSY,2026-10-06,False,False,False,2026-10-06_long_ETSY,market,pending,,,,,,,0,,,,,,,,,,,,,top
long,Acumulação longa,15.81,15.81,10.28,24.87,34.94,35.0,1.64,64.45,Queda 83% do máx. · 28 sem. sem novo mínimo · vol up/down 1.49,AVTR,2026-10-06,False,False,False,2026-10-06_long_AVTR,market,pending,,,,,,,0,,,,,,,,,,,,,top
long,Acumulação longa,15.4,15.4,10.01,25.07,36.65,35.0,1.79,62.25,Queda 89% do máx. · 29 sem. sem novo mínimo · vol up/down 1.58,MEI,2026-10-06,False,False,False,2026-10-06_long_MEI,market,pending,,,,,,,0,,,,,,,,,,,,,mid
long,Acumulação longa,7.81,7.81,5.08,12.64,17.75,35.0,1.77,62.0,Queda 83% do máx. · 28 sem. sem novo mínimo · vol up/down 2.11,RSKD,2026-10-06,False,False,False,2026-10-06_long_RSKD,market,pending,,,,,,,0,,,,,,,,,,,,,mid
long,Acumulação longa,8.93,8.93,5.8,289.42,452.43,35.0,89.74,54.05,Queda 99% do máx. · 27 sem. sem novo mínimo · vol up/down 1.31,CHPT,2026-10-06,False,False,False,2026-10-06_long_CHPT,market,pending,,,,,,,0,,,,,,,,,,,,,mid
long,Acumulação longa,13.44,13.44,8.74,25.32,35.43,35.0,2.53,53.75,Queda 82% do máx. · 48 sem. sem novo mínimo · vol up/down 1.23,DV,2026-10-06,False,False,False,2026-10-06_long_DV,market,pending,,,,,,,0,,,,,,,,,,,,,mid
long,Acumulação longa,76.23,76.23,49.55,159.19,222.66,35.0,3.11,51.71,Queda 82% do máx. · 34 sem. sem novo mínimo · vol up/down 1.17,XYZ,2026-10-06,False,False,False,2026-10-06_long_XYZ,market,pending,,,,,,,0,,,,,,,,,,,,,bottom
long,Acumulação longa,24.58,24.58,15.98,40.42,55.3,35.0,1.84,46.42,Queda 78% do máx. · 29 sem. sem novo mínimo · vol up/down 1.10,WPP,2026-10-06,False,False,False,2026-10-06_long_WPP,market,pending,,,,,,,0,,,,,,,,,,,,,bottom
medium,Fim acumulação (Fase D),56.31,56.31,50.44,76.73,92.97,10.42,3.48,69.97,Base 44.25-60.49 · queda prévia 49% · vol up/down 1.42,EDU,2026-10-06,False,False,False,2026-10-06_medium_EDU,market,pending,,,,,,,0,,,,,,,,,,,,,top
medium,Fim acumulação (Fase D),75.27,75.27,64.08,105.92,132.25,14.87,2.74,67.84,Base 53.26-79.59 · queda prévia 34% · vol up/down 1.50,EMBJ,2026-10-06,False,False,False,2026-10-06_medium_EMBJ,market,pending,,,,,,,0,,,,,,,,,,,,,top
medium,Fim acumulação (Fase D),100.89,100.89,83.92,138.16,171.57,16.82,2.2,66.77,Base 71.34-104.75 · queda prévia 35% · vol up/down 1.47,SIG,2026-10-06,False,False,False,2026-10-06_medium_SIG,market,pending,,,,,,,0,,,,,,,,,,,,,top
medium,Fim acumulação (Fase D),32.2,32.2,28.56,45.68,56.48,11.31,3.7,66.04,Base 24.08-34.88 · queda prévia 38% · vol up/down 1.47,HIPO,2026-10-06,False,False,False,2026-10-06_medium_HIPO,market,pending,,,,,,,0,,,,,,,,,,,,,top
medium,Fim acumulação (Fase D),21.04,21.04,18.26,29.54,36.5,13.2,3.06,65.73,Base 15.62-22.58 · queda prévia 28% · vol up/down 1.49,MTUS,2026-10-06,False,False,False,2026-10-06_medium_MTUS,market,pending,,,,,,,0,,,,,,,,,,,,,mid
medium,Fim acumulação (Fase D),62.74,62.74,55.49,84.99,103.65,11.56,3.07,65.41,Base 47.67-66.33 · queda prévia 39% · vol up/down 1.66,SCL,2026-10-06,False,False,False,2026-10-06_medium_SCL,market,pending,,,,,,,0,,,,,,,,,,,,,mid
medium,Fim acumulação (Fase D),15.9,15.9,13.8,22.89,28.58,13.22,3.32,63.02,Base 11.51-17.20 · queda prévia 38% · vol up/down 1.18,DNOW,2026-10-06,False,False,False,2026-10-06_medium_DNOW,market,pending,,,,,,,0,,,,,,,,,,,,,mid
medium,Fim acumulação (Fase D),48.49,48.49,42.87,65.18,79.38,11.59,2.97,62.66,Base 36.78-50.98 · queda prévia 35% · vol up/down 2.38,ABM,2026-10-06,False,False,False,2026-10-06_medium_ABM,market,pending,,,,,,,0,,,,,,,,,,,,,mid
medium,Fim acumulação (Fase D),83.96,83.96,69.01,113.2,141.08,17.81,1.96,62.54,Base 57.42-85.31 · queda prévia 41% · vol up/down 2.45,USPH,2026-10-06,False,False,False,2026-10-06_medium_USPH,market,pending,,,,,,,0,,,,,,,,,,,,,bottom
medium,Fim acumulação (Fase D),39.66,39.66,33.34,53.65,66.51,15.94,2.21,60.44,Base 27.93-40.79 · queda prévia 25% · vol up/down 1.77,TEVA,2026-10-06,False,False,False,2026-10-06_medium_TEVA,market,pending,,,,,,,0,,,,,,,,,,,,,bottom
short,SOS + LPS,1541.63,1486.27,1401.73,1834.48,2194.77,5.69,4.12,85.64,Range 1113.90-1474.19 · vol up/down 1.20 · RS20 +13.6%,MTD,2026-10-06,False,False,False,2026-10-06_short_MTD,limit,pending,,,,,,,0,,,,,,,,,,,,,top
short,SOS + LPS,53.87,53.38,50.48,67.52,82.06,5.43,4.88,82.81,Range 38.44-52.98 · vol up/down 1.55 · RS20 +7.3%,TBBB,2026-10-06,False,False,False,2026-10-06_short_TBBB,limit,pending,,,,,,,0,,,,,,,,,,,,,top
short,SOS,171.29,165.06,155.89,204.04,244.32,5.55,4.25,74.23,Range 123.46-163.75 · vol up/down 1.46 · RS20 +12.6%,A,2026-10-06,False,False,False,2026-10-06_short_A,limit,pending,,,,,,,0,,,,,,,,,,,,,top
short,Spring + teste,51.71,51.71,49.49,62.45,74.18,4.29,4.84,69.4,Range 50.71-62.45 · vol up/down 0.97 · RS20 -0.3%,TSN,2026-10-06,False,False,False,2026-10-06_short_TSN,market,pending,,,,,,,0,,,,,,,,,,,,,top
short,Spring + teste,30.05,30.05,28.37,39.69,49.71,5.59,5.74,67.28,Range 29.67-39.69 · vol up/down 1.16 · RS20 -4.3%,PKE,2026-10-06,False,False,False,2026-10-06_short_PKE,market,pending,,,,,,,0,,,,,,,,,,,,,mid
short,Spring + teste,39.51,39.51,38.21,45.82,52.61,3.28,4.86,66.69,Range 39.04-45.82 · vol up/down 1.54 · RS20 -8.7%,SFBS,2026-10-06,False,False,False,2026-10-06_short_SFBS,market,pending,,,,,,,0,,,,,,,,,,,,,bottom
short,Spring + teste,201.4,201.4,197.06,235.97,271.56,2.15,7.97,66.56,Range 200.37-235.97 · vol up/down 1.02 · RS20 -3.6%,SPG,2026-10-06,False,False,False,2026-10-06_short_SPG,market,pending,,,,,,,0,,,,,,,,,,,,,bottom
short,Spring + teste,10.37,10.37,9.43,13.28,16.85,9.09,3.09,65.99,Range 9.70-13.28 · vol up/down 0.87 · RS20 +0.7%,ECVT,2026-10-06,False,False,False,2026-10-06_short_ECVT,market,pending,,,,,,,0,,,,,,,,,,,,,bottom
short,Spring + teste,28.89,28.89,27.15,33.78,39.87,6.02,2.81,65.97,Range 27.68-33.78 · vol up/down 1.15 · RS20 -1.1%,OUT,2026-10-06,False,False,False,2026-10-06_short_OUT,market,pending,,,,,,,0,,,,,,,,,,,,,bottom
short,Spring + teste,245.23,245.23,237.91,284.73,327.15,2.99,5.4,64.69,Range 242.30-284.73 · vol up/down 1.20 · RS20 -7.3%,ALX,2026-10-06,False,False,False,2026-10-06_short_ALX,market,pending,,,,,,,0,,,,,,,,,,,,,bottom
long,Acumulação longa,77.26,77.26,50.22,168.67,251.41,35.0,3.38,66.75,Queda 92% do máx. · 35 sem. sem novo mínimo · vol up/down 1.78,RNG,2026-10-07,False,False,True,2026-10-07_long_RNG,market,pending,,,,,,,0,,,,,,,,,,,,,top
long,Acumulação longa,12.41,12.41,8.07,319.96,499.91,35.0,70.81,45.73,Queda 99% do máx. · 27 sem. sem novo mínimo · vol up/down 1.10,DNA,2026-10-07,False,False,True,2026-10-07_long_DNA,market,pending,,,,,,,0,,,,,,,,,,,,,bottom
long,Acumulação longa,7.38,7.38,4.8,13.32,18.51,35.0,2.3,45.58,Queda 81% do máx. · 28 sem. sem novo mínimo · vol up/down 1.09,WEAV,2026-10-07,False,False,True,2026-10-07_long_WEAV,market,pending,,,,,,,0,,,,,,,,,,,,,bottom
medium,Fim acumulação (Fase D),154.33,154.33,138.62,226.65,282.54,10.18,4.6,68.89,Base 114.85-170.75 · queda prévia 23% · vol up/down 1.80,TGT,2026-10-07,False,False,True,2026-10-07_medium_TGT,market,pending,,,,,,,0,,,,,,,,,,,,,top
medium,Fim acumulação (Fase D),13.83,13.83,11.43,18.65,23.13,17.39,2.0,62.08,Base 9.69-14.17 · queda prévia 31% · vol up/down 1.60,HGTY,2026-10-07,False,False,True,2026-10-07_medium_HGTY,market,pending,,,,,,,0,,,,,,,,,,,,,bottom
medium,Fim acumulação (Fase D),29.2,29.2,25.83,38.99,47.02,11.54,2.91,62.07,Base 22.93-30.96 · queda prévia 21% · vol up/down 2.37,ZIM,2026-10-07,False,False,True,2026-10-07_medium_ZIM,market,pending,,,,,,,0,,,,,,,,,,,,,bottom
short,SOS + LPS,31.24,30.38,29.05,35.48,40.76,4.38,3.83,76.16,Range 24.92-30.20 · vol up/down 1.35 · RS20 +3.3%,BSTZ,2026-10-07,False,False,False,2026-10-07_short_BSTZ,limit,pending,,,,,,,0,,,,,,,,,,,,,top
short,SOS,24.76,24.58,22.81,30.87,37.41,7.22,3.54,72.83,Range 17.79-24.33 · vol up/down 1.25 · RS20 +28.5%,GME,2026-10-07,False,False,False,2026-10-07_short_GME,limit,pending,,,,,,,0,,,,,,,,,,,,,top
short,Spring + teste,166.28,166.28,162.21,191.17,218.36,2.45,6.12,67.87,Range 163.98-191.17 · vol up/down 1.21 · RS20 -4.3%,GL,2026-10-07,False,False,True,2026-10-07_short_GL,market,pending,,,,,,,0,,,,,,,,,,,,,top
short,Spring + teste,21.5,21.5,20.84,25.58,29.77,3.06,6.2,67.78,Range 21.38-25.58 · vol up/down 1.12 · RS20 -3.4%,AAT,2026-10-07,False,False,True,2026-10-07_short_AAT,market,pending,,,,,,,0,,,,,,,,,,,,,mid
short,Spring + teste,96.16,96.16,92.13,119.44,143.18,4.19,5.78,67.33,Range 95.70-119.44 · vol up/down 1.13 · RS20 -3.9%,AXS,2026-10-07,False,False,True,2026-10-07_short_AXS,market,pending,,,,,,,0,,,,,,,,,,,,,mid
short,Spring + teste,116.1,116.1,111.04,139.78,165.04,4.36,4.68,67.28,Range 114.53-139.78 · vol up/down 1.22 · RS20 -5.0%,PHM,2026-10-07,False,False,True,2026-10-07_short_PHM,market,pending,,,,,,,0,,,,,,,,,,,,,mid
short,Spring + teste,48.02,48.02,47.0,60.11,72.62,2.12,11.85,66.94,Range 47.59-60.11 · vol up/down 1.25 · RS20 -5.6%,SON,2026-10-07,False,False,True,2026-10-07_short_SON,market,pending,,,,,,,0,,,,,,,,,,,,,mid
short,Spring + teste,66.42,66.42,61.98,83.03,103.06,6.68,3.74,66.87,Range 63.00-83.03 · vol up/down 1.00 · RS20 -2.2%,BFAM,2026-10-07,False,False,False,2026-10-07_short_BFAM,market,pending,,,,,,,0,,,,,,,,,,,,,mid
short,Spring + teste,7.93,7.93,7.55,9.94,12.18,4.79,5.29,66.57,Range 7.70-9.94 · vol up/down 1.01 · RS20 -3.5%,TME,2026-10-07,False,False,False,2026-10-07_short_TME,market,pending,,,,,,,0,,,,,,,,,,,,,bottom
